,Distribute,Modify,Commercial Use,Hold Liable,Include Copyright,Include License,Sublicense,Use Trademark,Private Use,Disclose Source,State Changes,Place Warranty,Include Notice,Include Original,Give Credit,Use Patent Claims,Rename,Relicense,Contact Author,Include Install Instructions,Compensate for Damages,Statically Link,Pay Above Use Threshold
Apache License 2.0___Apache-2.0,can,can,can,cannot,must,must,can,cannot,can,NOmentioned,must,can,must,NOmentioned,NOmentioned,can,NOmentioned,NOmentioned,NOmentioned,NOmentioned,NOmentioned,NOmentioned,NOmentioned
MIT License___MIT-license,can,can,can,cannot,must,must,can,NOmentioned,can,NOmentioned,NOmentioned,NOmentioned,NOmentioned,NOmentioned,NOmentioned,NOmentioned,NOmentioned,NOmentioned,NOmentioned,NOmentioned,NOmentioned,NOmentioned,NOmentioned
Microsoft Public License___MS-PL,can,can,can,cannot,must,must,can,cannot,NOmentioned,NOmentioned,NOmentioned,NOmentioned,NOmentioned,NOmentioned,NOmentioned,NOmentioned,NOmentioned,NOmentioned,NOmentioned,NOmentioned,NOmentioned,NOmentioned,NOmentioned
GNU General Public License v2.0 only___GPL-2.0-only___GPL-2.0-or-later,can,can,can,cannot,must,must,cannot,NOmentioned,NOmentioned,must,must,can,NOmentioned,must,NOmentioned,NOmentioned,NOmentioned,NOmentioned,NOmentioned,NOmentioned,NOmentioned,NOmentioned,NOmentioned
GNU General Public License v3.0 only___GPL-3.0-only___GPL-3.0-or-later,can,can,can,cannot,must,must,cannot,NOmentioned,NOmentioned,must,must,can,NOmentioned,must,NOmentioned,can,NOmentioned,NOmentioned,NOmentioned,must,NOmentioned,NOmentioned,NOmentioned
Mozilla Public License 2.0___MPL-2.0,can,can,can,cannot,must,must,can,cannot,NOmentioned,must,NOmentioned,can,NOmentioned,must,NOmentioned,can,NOmentioned,NOmentioned,NOmentioned,NOmentioned,NOmentioned,NOmentioned,NOmentioned
GNU Lesser General Public License v2.1 only___LGPL-2.1-only,can,can,can,cannot,must,must,cannot,NOmentioned,NOmentioned,must,must,NOmentioned,must,must,NOmentioned,NOmentioned,NOmentioned,NOmentioned,NOmentioned,NOmentioned,NOmentioned,NOmentioned,NOmentioned
BSD-2-Clause,can,can,can,cannot,must,must,NOmentioned,NOmentioned,NOmentioned,NOmentioned,NOmentioned,can,NOmentioned,NOmentioned,NOmentioned,NOmentioned,NOmentioned,NOmentioned,NOmentioned,NOmentioned,NOmentioned,NOmentioned,NOmentioned
BSD-3-Clause,can,can,can,cannot,must,must,NOmentioned,cannot,NOmentioned,NOmentioned,NOmentioned,can,NOmentioned,NOmentioned,NOmentioned,NOmentioned,NOmentioned,NOmentioned,NOmentioned,NOmentioned,NOmentioned,NOmentioned,NOmentioned
zlib License___Zlib-license___Libpng-license,can,can,can,cannot,must,NOmentioned,NOmentioned,NOmentioned,NOmentioned,NOmentioned,NOmentioned,NOmentioned,NOmentioned,NOmentioned,NOmentioned,NOmentioned,must,NOmentioned,NOmentioned,NOmentioned,NOmentioned,NOmentioned,NOmentioned
Common Development and Distribution License___CDDL-1.0,can,can,can,cannot,must,must,can,cannot,NOmentioned,must,NOmentioned,can,NOmentioned,NOmentioned,NOmentioned,can,NOmentioned,NOmentioned,NOmentioned,NOmentioned,NOmentioned,NOmentioned,NOmentioned
Beer Recipe License___BRL,can,can,can,cannot,must,must,can,NOmentioned,can,NOmentioned,NOmentioned,NOmentioned,NOmentioned,must,NOmentioned,NOmentioned,NOmentioned,NOmentioned,NOmentioned,NOmentioned,NOmentioned,NOmentioned,NOmentioned
psfrag License___psfrag-license,can,can,can,cannot,NOmentioned,NOmentioned,NOmentioned,NOmentioned,can,NOmentioned,NOmentioned,NOmentioned,must,NOmentioned,NOmentioned,NOmentioned,NOmentioned,NOmentioned,NOmentioned,NOmentioned,NOmentioned,NOmentioned,NOmentioned
Creative Commons Attribution 3.0 Unported___CC-BY___CC-BY-3.0,can,can,can,cannot,must,NOmentioned,cannot,NOmentioned,NOmentioned,NOmentioned,NOmentioned,cannot,NOmentioned,NOmentioned,NOmentioned,NOmentioned,NOmentioned,NOmentioned,NOmentioned,NOmentioned,NOmentioned,NOmentioned,NOmentioned
Creative Commons Attribution NoDerivs___CC-ND,can,cannot,can,cannot,must,NOmentioned,cannot,NOmentioned,NOmentioned,NOmentioned,NOmentioned,cannot,NOmentioned,NOmentioned,NOmentioned,NOmentioned,NOmentioned,NOmentioned,NOmentioned,NOmentioned,NOmentioned,NOmentioned,NOmentioned
Creative Commons Attribution NonCommercial___CC-BY-NC-4.0,can,can,cannot,cannot,must,NOmentioned,cannot,NOmentioned,NOmentioned,NOmentioned,must,cannot,NOmentioned,NOmentioned,must,NOmentioned,NOmentioned,NOmentioned,NOmentioned,NOmentioned,NOmentioned,NOmentioned,NOmentioned
Creative Commons Attribution Share Alike___CC-SA,can,can,can,cannot,must,NOmentioned,cannot,NOmentioned,NOmentioned,NOmentioned,NOmentioned,cannot,NOmentioned,NOmentioned,NOmentioned,NOmentioned,NOmentioned,NOmentioned,NOmentioned,NOmentioned,NOmentioned,NOmentioned,NOmentioned
Creative Commons Attribution NonCommercial ShareAlike___CC-NC-SA,can,can,cannot,cannot,must,NOmentioned,cannot,NOmentioned,NOmentioned,NOmentioned,NOmentioned,cannot,NOmentioned,NOmentioned,NOmentioned,NOmentioned,NOmentioned,NOmentioned,NOmentioned,NOmentioned,NOmentioned,NOmentioned,NOmentioned
Creative Commons Attribution NonCommercial NoDerivs___CC-NC-ND,can,cannot,cannot,cannot,must,NOmentioned,cannot,NOmentioned,NOmentioned,NOmentioned,NOmentioned,cannot,NOmentioned,NOmentioned,NOmentioned,NOmentioned,NOmentioned,NOmentioned,NOmentioned,NOmentioned,NOmentioned,NOmentioned,NOmentioned
Academic Free License___AFL,can,can,can,cannot,must,NOmentioned,can,cannot,NOmentioned,must,NOmentioned,NOmentioned,NOmentioned,must,NOmentioned,NOmentioned,NOmentioned,NOmentioned,NOmentioned,NOmentioned,NOmentioned,NOmentioned,NOmentioned
Artistic License 2.0___Artistic-2.0,can,can,can,cannot,NOmentioned,NOmentioned,can,cannot,can,NOmentioned,must,NOmentioned,NOmentioned,must,NOmentioned,NOmentioned,must,NOmentioned,NOmentioned,must,NOmentioned,NOmentioned,NOmentioned
PHP License 3.0,can,can,can,cannot,must,must,can,cannot,NOmentioned,NOmentioned,NOmentioned,NOmentioned,NOmentioned,NOmentioned,NOmentioned,NOmentioned,NOmentioned,NOmentioned,NOmentioned,NOmentioned,NOmentioned,NOmentioned,NOmentioned
Simple Public License 2.0___SPL-2.0,can,can,can,can,NOmentioned,must,cannot,NOmentioned,NOmentioned,must,must,NOmentioned,NOmentioned,NOmentioned,NOmentioned,NOmentioned,NOmentioned,NOmentioned,NOmentioned,NOmentioned,NOmentioned,NOmentioned,NOmentioned
Eclipse Public License 1.0___EPL-1.0,can,can,can,cannot,must,must,can,cannot,can,must,NOmentioned,NOmentioned,NOmentioned,must,NOmentioned,can,NOmentioned,NOmentioned,NOmentioned,must,must,NOmentioned,NOmentioned
IBM Public License___IPL,can,can,can,cannot,NOmentioned,must,can,cannot,NOmentioned,must,NOmentioned,NOmentioned,NOmentioned,NOmentioned,NOmentioned,NOmentioned,NOmentioned,NOmentioned,NOmentioned,NOmentioned,NOmentioned,NOmentioned,NOmentioned
Apple Public Source License___APSL,can,can,can,cannot,must,must,can,cannot,NOmentioned,must,must,can,NOmentioned,NOmentioned,NOmentioned,NOmentioned,NOmentioned,NOmentioned,NOmentioned,NOmentioned,NOmentioned,NOmentioned,NOmentioned
University of Illinois - NCSA Open Source___NCSA,can,can,can,cannot,NOmentioned,must,NOmentioned,cannot,NOmentioned,NOmentioned,NOmentioned,NOmentioned,NOmentioned,NOmentioned,NOmentioned,NOmentioned,NOmentioned,NOmentioned,NOmentioned,NOmentioned,NOmentioned,NOmentioned,NOmentioned
Do What The Fuck You Want To Public License___WTFPL-license,can,can,can,NOmentioned,can,can,can,NOmentioned,can,NOmentioned,NOmentioned,NOmentioned,NOmentioned,can,NOmentioned,NOmentioned,NOmentioned,NOmentioned,NOmentioned,NOmentioned,NOmentioned,NOmentioned,NOmentioned
ISC License___ISC-license,can,can,can,cannot,must,must,NOmentioned,NOmentioned,NOmentioned,NOmentioned,NOmentioned,NOmentioned,NOmentioned,NOmentioned,NOmentioned,NOmentioned,NOmentioned,NOmentioned,NOmentioned,NOmentioned,NOmentioned,NOmentioned,NOmentioned
Beerware License___Beerware-license,can,can,can,NOmentioned,must,can,can,NOmentioned,NOmentioned,NOmentioned,NOmentioned,can,NOmentioned,NOmentioned,NOmentioned,NOmentioned,can,NOmentioned,NOmentioned,NOmentioned,NOmentioned,can,NOmentioned
Microsoft Reciprocal License___Ms-RL,can,can,can,cannot,must,must,can,cannot,NOmentioned,must,NOmentioned,NOmentioned,NOmentioned,NOmentioned,NOmentioned,NOmentioned,NOmentioned,NOmentioned,NOmentioned,NOmentioned,NOmentioned,NOmentioned,NOmentioned
Python Software Foundation License 2.0___PSF-2.0,can,can,can,cannot,must,must,NOmentioned,cannot,NOmentioned,NOmentioned,must,NOmentioned,NOmentioned,NOmentioned,NOmentioned,NOmentioned,NOmentioned,NOmentioned,NOmentioned,NOmentioned,NOmentioned,NOmentioned,NOmentioned
GNU Affero General Public License v3.0 only___AGPL-3.0-only,can,can,can,cannot,must,must,cannot,NOmentioned,NOmentioned,must,must,can,NOmentioned,NOmentioned,NOmentioned,NOmentioned,NOmentioned,NOmentioned,NOmentioned,must,NOmentioned,NOmentioned,NOmentioned
SIL Open Font License v1.1___OFL-1.1,can,can,can,NOmentioned,NOmentioned,must,cannot,cannot,NOmentioned,NOmentioned,NOmentioned,NOmentioned,NOmentioned,NOmentioned,NOmentioned,NOmentioned,must,NOmentioned,NOmentioned,NOmentioned,NOmentioned,NOmentioned,NOmentioned
TÃ³ca Operating System General___TOSG-2.00,can,can,can,cannot,NOmentioned,NOmentioned,cannot,NOmentioned,NOmentioned,must,must,cannot,NOmentioned,NOmentioned,NOmentioned,NOmentioned,NOmentioned,NOmentioned,NOmentioned,NOmentioned,NOmentioned,must,NOmentioned
The Code Project Open License___CPOL,can,can,can,cannot,NOmentioned,NOmentioned,cannot,NOmentioned,NOmentioned,NOmentioned,must,NOmentioned,NOmentioned,cannot,NOmentioned,NOmentioned,NOmentioned,cannot,NOmentioned,NOmentioned,NOmentioned,NOmentioned,NOmentioned
ODC Open Database License___ODbL,can,can,can,cannot,NOmentioned,must,cannot,NOmentioned,can,NOmentioned,NOmentioned,NOmentioned,NOmentioned,must,NOmentioned,NOmentioned,NOmentioned,NOmentioned,NOmentioned,NOmentioned,NOmentioned,NOmentioned,NOmentioned
DON'T BE A DICK PUBLIC LICENSE,can,can,can,NOmentioned,can,NOmentioned,NOmentioned,NOmentioned,NOmentioned,NOmentioned,NOmentioned,can,NOmentioned,can,NOmentioned,NOmentioned,NOmentioned,NOmentioned,NOmentioned,NOmentioned,NOmentioned,NOmentioned,NOmentioned
X11 License,can,can,can,cannot,must,must,can,cannot,can,NOmentioned,NOmentioned,NOmentioned,NOmentioned,NOmentioned,NOmentioned,NOmentioned,NOmentioned,NOmentioned,NOmentioned,NOmentioned,NOmentioned,NOmentioned,NOmentioned
JSON License,can,can,can,cannot,must,must,can,NOmentioned,can,NOmentioned,NOmentioned,NOmentioned,NOmentioned,NOmentioned,NOmentioned,NOmentioned,NOmentioned,NOmentioned,NOmentioned,NOmentioned,NOmentioned,NOmentioned,NOmentioned
Lisp Lesser General Public License___LLGPL,can,can,can,cannot,NOmentioned,NOmentioned,can,NOmentioned,NOmentioned,NOmentioned,NOmentioned,NOmentioned,NOmentioned,must,NOmentioned,NOmentioned,NOmentioned,NOmentioned,NOmentioned,NOmentioned,NOmentioned,NOmentioned,NOmentioned
Common Public Attribution License___CPAL-1.0,can,can,can,cannot,must,must,can,cannot,NOmentioned,must,must,can,must,NOmentioned,NOmentioned,can,NOmentioned,NOmentioned,NOmentioned,NOmentioned,NOmentioned,NOmentioned,NOmentioned
Aladdin Free Public License,can,can,cannot,cannot,NOmentioned,must,cannot,NOmentioned,NOmentioned,NOmentioned,must,cannot,NOmentioned,must,NOmentioned,NOmentioned,NOmentioned,NOmentioned,NOmentioned,NOmentioned,NOmentioned,NOmentioned,NOmentioned
Clarified Artistic License,can,can,can,cannot,must,NOmentioned,NOmentioned,NOmentioned,NOmentioned,must,must,NOmentioned,NOmentioned,NOmentioned,NOmentioned,NOmentioned,NOmentioned,NOmentioned,NOmentioned,NOmentioned,NOmentioned,NOmentioned,NOmentioned
Frameworx Open License___Frameworx-1.0,can,can,can,cannot,NOmentioned,must,NOmentioned,NOmentioned,NOmentioned,must,NOmentioned,NOmentioned,must,NOmentioned,NOmentioned,NOmentioned,NOmentioned,NOmentioned,NOmentioned,NOmentioned,NOmentioned,NOmentioned,NOmentioned
Freetype Project License___FTL,can,can,can,cannot,must,must,can,NOmentioned,NOmentioned,NOmentioned,NOmentioned,NOmentioned,NOmentioned,NOmentioned,NOmentioned,NOmentioned,NOmentioned,NOmentioned,NOmentioned,NOmentioned,NOmentioned,NOmentioned,NOmentioned
Qhull,can,can,NOmentioned,cannot,must,NOmentioned,NOmentioned,NOmentioned,NOmentioned,must,must,can,must,NOmentioned,NOmentioned,NOmentioned,NOmentioned,NOmentioned,NOmentioned,NOmentioned,NOmentioned,NOmentioned,NOmentioned
The Don't Ask Me About It,can,can,can,NOmentioned,NOmentioned,NOmentioned,NOmentioned,NOmentioned,can,NOmentioned,NOmentioned,NOmentioned,NOmentioned,NOmentioned,NOmentioned,NOmentioned,NOmentioned,NOmentioned,cannot,NOmentioned,NOmentioned,NOmentioned,NOmentioned
European Union Public License___EUPL-1.1,can,NOmentioned,can,cannot,must,must,NOmentioned,NOmentioned,can,must,must,NOmentioned,NOmentioned,NOmentioned,NOmentioned,NOmentioned,NOmentioned,NOmentioned,NOmentioned,NOmentioned,NOmentioned,NOmentioned,NOmentioned
The Unlicense,NOmentioned,can,can,cannot,cannot,NOmentioned,NOmentioned,NOmentioned,can,NOmentioned,NOmentioned,NOmentioned,NOmentioned,NOmentioned,NOmentioned,NOmentioned,NOmentioned,NOmentioned,NOmentioned,NOmentioned,NOmentioned,NOmentioned,NOmentioned
MiTTY,can,can,NOmentioned,NOmentioned,NOmentioned,NOmentioned,NOmentioned,NOmentioned,NOmentioned,NOmentioned,NOmentioned,NOmentioned,NOmentioned,NOmentioned,NOmentioned,NOmentioned,NOmentioned,cannot,must,NOmentioned,NOmentioned,NOmentioned,NOmentioned
Fair License,can,can,can,NOmentioned,NOmentioned,must,can,NOmentioned,NOmentioned,NOmentioned,NOmentioned,cannot,NOmentioned,NOmentioned,NOmentioned,NOmentioned,can,NOmentioned,NOmentioned,NOmentioned,NOmentioned,NOmentioned,NOmentioned
Educational Community License___ECL-2.0,can,can,can,cannot,must,must,can,cannot,can,NOmentioned,must,can,must,NOmentioned,NOmentioned,NOmentioned,NOmentioned,NOmentioned,NOmentioned,NOmentioned,NOmentioned,NOmentioned,NOmentioned
Ubuntu Font License___UFL-1.0,can,can,NOmentioned,NOmentioned,must,must,cannot,cannot,NOmentioned,NOmentioned,NOmentioned,NOmentioned,NOmentioned,NOmentioned,NOmentioned,NOmentioned,cannot,NOmentioned,NOmentioned,NOmentioned,NOmentioned,NOmentioned,NOmentioned
Open Software Licence 3.0___OSL-3.0,can,can,can,cannot,must,must,can,cannot,NOmentioned,must,NOmentioned,NOmentioned,NOmentioned,NOmentioned,NOmentioned,NOmentioned,NOmentioned,NOmentioned,NOmentioned,NOmentioned,NOmentioned,NOmentioned,NOmentioned
Adaptive Public License 1.0___APL-1.0,can,can,can,cannot,NOmentioned,must,NOmentioned,cannot,can,must,must,can,must,NOmentioned,must,NOmentioned,NOmentioned,NOmentioned,NOmentioned,NOmentioned,NOmentioned,NOmentioned,NOmentioned
ANTLR Software Rights Notice___ANTLR-PD,can,can,can,NOmentioned,NOmentioned,NOmentioned,NOmentioned,NOmentioned,NOmentioned,NOmentioned,NOmentioned,can,NOmentioned,NOmentioned,must,NOmentioned,NOmentioned,NOmentioned,NOmentioned,NOmentioned,NOmentioned,NOmentioned,NOmentioned
Attribution Assurance License___AAL,can,can,can,cannot,NOmentioned,must,NOmentioned,cannot,NOmentioned,NOmentioned,NOmentioned,NOmentioned,NOmentioned,NOmentioned,must,NOmentioned,NOmentioned,NOmentioned,NOmentioned,NOmentioned,NOmentioned,NOmentioned,NOmentioned
Common Public License___CPL-1.0,can,can,can,cannot,must,must,can,NOmentioned,NOmentioned,must,NOmentioned,NOmentioned,NOmentioned,NOmentioned,NOmentioned,can,NOmentioned,NOmentioned,NOmentioned,NOmentioned,NOmentioned,NOmentioned,NOmentioned
Condor Public License___Condor-1.1,can,can,can,cannot,must,must,can,cannot,NOmentioned,NOmentioned,NOmentioned,NOmentioned,NOmentioned,NOmentioned,NOmentioned,NOmentioned,NOmentioned,NOmentioned,NOmentioned,NOmentioned,NOmentioned,NOmentioned,NOmentioned
Do What The F*ck You Want To Public License___WTFPL license,can,can,can,NOmentioned,NOmentioned,NOmentioned,can,NOmentioned,NOmentioned,NOmentioned,NOmentioned,NOmentioned,NOmentioned,NOmentioned,NOmentioned,NOmentioned,must,NOmentioned,NOmentioned,NOmentioned,NOmentioned,NOmentioned,NOmentioned
Eiffel Forum License___EFL-2.0,can,can,can,cannot,must,must,can,NOmentioned,NOmentioned,NOmentioned,NOmentioned,NOmentioned,NOmentioned,NOmentioned,NOmentioned,NOmentioned,NOmentioned,can,NOmentioned,NOmentioned,NOmentioned,NOmentioned,NOmentioned
Historical Permission Notice and Disclaimer___HPND-license,can,can,can,cannot,NOmentioned,must,can,NOmentioned,NOmentioned,NOmentioned,NOmentioned,NOmentioned,must,NOmentioned,NOmentioned,NOmentioned,NOmentioned,NOmentioned,NOmentioned,NOmentioned,NOmentioned,NOmentioned,NOmentioned
IBM PowerPC Initialization and Boot Software (IBM-pibs),can,can,can,cannot,must,must,can,NOmentioned,NOmentioned,NOmentioned,NOmentioned,NOmentioned,NOmentioned,NOmentioned,NOmentioned,NOmentioned,NOmentioned,NOmentioned,NOmentioned,NOmentioned,NOmentioned,NOmentioned,NOmentioned
Intel Open Source,can,can,can,cannot,NOmentioned,must,can,NOmentioned,NOmentioned,NOmentioned,NOmentioned,NOmentioned,NOmentioned,NOmentioned,NOmentioned,NOmentioned,NOmentioned,NOmentioned,NOmentioned,NOmentioned,NOmentioned,NOmentioned,NOmentioned
Lucent Public License___LPL-1.02,can,can,can,cannot,NOmentioned,must,can,NOmentioned,NOmentioned,NOmentioned,must,NOmentioned,NOmentioned,NOmentioned,NOmentioned,NOmentioned,NOmentioned,NOmentioned,NOmentioned,NOmentioned,NOmentioned,NOmentioned,NOmentioned
MirOS (MirOS),can,can,can,cannot,NOmentioned,must,can,NOmentioned,NOmentioned,NOmentioned,NOmentioned,NOmentioned,NOmentioned,NOmentioned,NOmentioned,NOmentioned,NOmentioned,NOmentioned,NOmentioned,NOmentioned,NOmentioned,NOmentioned,NOmentioned
OCLC Research Public License (OCLC-2.0),can,can,can,cannot,NOmentioned,must,can,cannot,NOmentioned,must,NOmentioned,NOmentioned,NOmentioned,NOmentioned,NOmentioned,NOmentioned,NOmentioned,NOmentioned,NOmentioned,NOmentioned,NOmentioned,NOmentioned,NOmentioned
ODC Public Domain Dedication & License___PDDL-1.0,can,can,can,cannot,NOmentioned,NOmentioned,cannot,cannot,NOmentioned,NOmentioned,NOmentioned,NOmentioned,NOmentioned,NOmentioned,NOmentioned,NOmentioned,NOmentioned,cannot,NOmentioned,NOmentioned,NOmentioned,NOmentioned,NOmentioned
OpenSSL License___OpenSSL-license,can,can,can,cannot,must,must,NOmentioned,cannot,NOmentioned,NOmentioned,NOmentioned,NOmentioned,NOmentioned,NOmentioned,must,NOmentioned,NOmentioned,NOmentioned,NOmentioned,NOmentioned,NOmentioned,NOmentioned,NOmentioned
PostgreSQL___PostgreSQL,can,can,can,cannot,must,must,NOmentioned,NOmentioned,NOmentioned,NOmentioned,NOmentioned,NOmentioned,NOmentioned,NOmentioned,NOmentioned,NOmentioned,NOmentioned,NOmentioned,NOmentioned,NOmentioned,NOmentioned,NOmentioned,NOmentioned
Q Public License___QPL-1.0,can,can,cannot,cannot,must,must,NOmentioned,NOmentioned,NOmentioned,must,NOmentioned,NOmentioned,NOmentioned,NOmentioned,NOmentioned,NOmentioned,NOmentioned,NOmentioned,NOmentioned,NOmentioned,NOmentioned,NOmentioned,NOmentioned
Ruby License,can,can,can,cannot,must,NOmentioned,can,NOmentioned,NOmentioned,must,NOmentioned,NOmentioned,NOmentioned,NOmentioned,NOmentioned,NOmentioned,NOmentioned,NOmentioned,NOmentioned,NOmentioned,NOmentioned,NOmentioned,NOmentioned
Mozilla Public License 1.1___MPL-1.1,can,can,can,cannot,must,must,can,cannot,NOmentioned,must,must,can,must,NOmentioned,must,can,NOmentioned,NOmentioned,NOmentioned,NOmentioned,NOmentioned,NOmentioned,NOmentioned
Sun Industry Standards Source License v1.2 (SISSL-1.2),can,can,can,cannot,NOmentioned,must,can,cannot,NOmentioned,must,NOmentioned,can,NOmentioned,NOmentioned,NOmentioned,NOmentioned,NOmentioned,NOmentioned,NOmentioned,NOmentioned,NOmentioned,NOmentioned,NOmentioned
Vovida Software License___VSL-1.0,can,can,can,cannot,must,must,NOmentioned,cannot,NOmentioned,NOmentioned,NOmentioned,NOmentioned,NOmentioned,NOmentioned,NOmentioned,NOmentioned,NOmentioned,NOmentioned,NOmentioned,NOmentioned,NOmentioned,NOmentioned,NOmentioned
W3C Software Notice and License___W3C license,can,can,can,cannot,must,must,NOmentioned,cannot,NOmentioned,NOmentioned,must,NOmentioned,NOmentioned,NOmentioned,NOmentioned,NOmentioned,NOmentioned,NOmentioned,NOmentioned,NOmentioned,NOmentioned,NOmentioned,NOmentioned
wxWindows Library___WXwindows license,can,can,can,cannot,must,NOmentioned,can,NOmentioned,NOmentioned,NOmentioned,NOmentioned,NOmentioned,NOmentioned,must,NOmentioned,NOmentioned,NOmentioned,NOmentioned,NOmentioned,NOmentioned,NOmentioned,can,NOmentioned
Yahoo! Public License___YPL-1.1,can,can,can,cannot,must,must,can,cannot,NOmentioned,must,NOmentioned,NOmentioned,NOmentioned,NOmentioned,NOmentioned,NOmentioned,NOmentioned,NOmentioned,NOmentioned,NOmentioned,NOmentioned,NOmentioned,NOmentioned
Zimbra Public License (Zimbra-1.3),can,can,can,cannot,must,must,can,cannot,NOmentioned,must,NOmentioned,NOmentioned,NOmentioned,NOmentioned,NOmentioned,NOmentioned,NOmentioned,NOmentioned,NOmentioned,NOmentioned,NOmentioned,NOmentioned,NOmentioned
Zope Public License 2.1___ZPL-2.1,can,can,can,cannot,must,must,NOmentioned,cannot,NOmentioned,NOmentioned,must,NOmentioned,NOmentioned,NOmentioned,NOmentioned,NOmentioned,NOmentioned,NOmentioned,NOmentioned,NOmentioned,NOmentioned,NOmentioned,NOmentioned
Netscape Public License___NPL-1.1,can,can,can,cannot,must,must,can,cannot,NOmentioned,must,must,can,must,NOmentioned,must,NOmentioned,NOmentioned,NOmentioned,NOmentioned,NOmentioned,NOmentioned,NOmentioned,NOmentioned
Nokia Open Source License,can,can,can,cannot,must,must,can,cannot,NOmentioned,must,must,can,must,NOmentioned,must,NOmentioned,NOmentioned,NOmentioned,NOmentioned,NOmentioned,NOmentioned,NOmentioned,NOmentioned
Sun Public License___SPL-1.0,can,can,can,cannot,must,must,can,cannot,NOmentioned,must,must,can,must,NOmentioned,must,NOmentioned,NOmentioned,NOmentioned,NOmentioned,NOmentioned,NOmentioned,NOmentioned,NOmentioned
Sybase Open Watcom Public (Watcom-1.0),can,can,can,cannot,must,must,can,cannot,can,must,must,can,NOmentioned,NOmentioned,NOmentioned,NOmentioned,NOmentioned,NOmentioned,NOmentioned,NOmentioned,NOmentioned,NOmentioned,NOmentioned
Open Public License___OPL-1.0,can,can,can,cannot,must,must,can,cannot,can,must,must,can,must,NOmentioned,must,NOmentioned,NOmentioned,NOmentioned,NOmentioned,NOmentioned,NOmentioned,NOmentioned,NOmentioned
RealNetworks Public Source License (RPSL-1.0),can,can,can,cannot,must,must,can,cannot,NOmentioned,must,must,can,NOmentioned,NOmentioned,NOmentioned,NOmentioned,NOmentioned,NOmentioned,NOmentioned,NOmentioned,NOmentioned,NOmentioned,NOmentioned
Reciprocal Public License 1.5___RPL-1.5,can,can,can,cannot,must,must,can,cannot,NOmentioned,must,must,can,must,NOmentioned,must,NOmentioned,must,NOmentioned,NOmentioned,NOmentioned,NOmentioned,NOmentioned,NOmentioned
Creative Commons CC0___CC-0___CC0-1.0,can,can,can,cannot,NOmentioned,NOmentioned,NOmentioned,cannot,can,NOmentioned,NOmentioned,NOmentioned,NOmentioned,NOmentioned,NOmentioned,cannot,NOmentioned,NOmentioned,NOmentioned,NOmentioned,NOmentioned,NOmentioned,NOmentioned
Peer Production License,can,can,can,cannot,must,NOmentioned,cannot,NOmentioned,NOmentioned,NOmentioned,NOmentioned,cannot,NOmentioned,NOmentioned,NOmentioned,NOmentioned,NOmentioned,NOmentioned,NOmentioned,NOmentioned,NOmentioned,NOmentioned,NOmentioned
Creative Commons Attribution___CC-BY,can,can,can,NOmentioned,must,NOmentioned,cannot,NOmentioned,NOmentioned,NOmentioned,must,NOmentioned,NOmentioned,NOmentioned,must,NOmentioned,NOmentioned,NOmentioned,NOmentioned,NOmentioned,NOmentioned,NOmentioned,NOmentioned
Creative Commons Attribution-NonCommercial-ShareAlike 4.0 International___CC-BY-NC-SA,can,can,cannot,cannot,must,NOmentioned,cannot,NOmentioned,NOmentioned,NOmentioned,must,cannot,NOmentioned,NOmentioned,must,NOmentioned,can,NOmentioned,NOmentioned,NOmentioned,NOmentioned,NOmentioned,NOmentioned
GG License 1.0 (GG1),can,can,can,NOmentioned,must,must,NOmentioned,NOmentioned,can,NOmentioned,must,NOmentioned,NOmentioned,must,must,NOmentioned,NOmentioned,NOmentioned,NOmentioned,NOmentioned,NOmentioned,NOmentioned,NOmentioned
bzip2,NOmentioned,can,can,cannot,must,must,NOmentioned,cannot,NOmentioned,NOmentioned,must,NOmentioned,NOmentioned,NOmentioned,NOmentioned,NOmentioned,NOmentioned,NOmentioned,NOmentioned,NOmentioned,NOmentioned,NOmentioned,NOmentioned
Creative Commons Attribution-NonCommercial 4.0 International___CC-BY-NC,can,can,cannot,NOmentioned,must,NOmentioned,cannot,NOmentioned,NOmentioned,NOmentioned,must,NOmentioned,NOmentioned,NOmentioned,must,NOmentioned,NOmentioned,NOmentioned,NOmentioned,NOmentioned,NOmentioned,NOmentioned,NOmentioned
Creative Commons Attribution-ShareAlike 4.0 International___CC-BY-SA___CC-BY-SA-4.0___CC-BY-4.0___Creative Commons Attribution 4.0 International,can,can,can,NOmentioned,must,NOmentioned,cannot,NOmentioned,NOmentioned,NOmentioned,must,NOmentioned,NOmentioned,NOmentioned,must,NOmentioned,NOmentioned,NOmentioned,NOmentioned,NOmentioned,NOmentioned,NOmentioned,NOmentioned
Creative Commons Attribution-NoDerivatives 4.0 International___CC BY-ND,can,cannot,can,NOmentioned,must,NOmentioned,cannot,NOmentioned,NOmentioned,NOmentioned,must,NOmentioned,NOmentioned,NOmentioned,must,NOmentioned,NOmentioned,NOmentioned,NOmentioned,NOmentioned,NOmentioned,NOmentioned,NOmentioned
Agate License,cannot,NOmentioned,can,NOmentioned,NOmentioned,NOmentioned,NOmentioned,NOmentioned,can,NOmentioned,NOmentioned,NOmentioned,NOmentioned,NOmentioned,NOmentioned,NOmentioned,NOmentioned,NOmentioned,NOmentioned,NOmentioned,NOmentioned,NOmentioned,NOmentioned
Copyfree Open Innovation License___COIL-0.3,can,can,can,cannot,must,must,NOmentioned,NOmentioned,can,NOmentioned,NOmentioned,NOmentioned,NOmentioned,NOmentioned,NOmentioned,NOmentioned,NOmentioned,NOmentioned,NOmentioned,NOmentioned,NOmentioned,NOmentioned,NOmentioned
Do What The Fuck You Want To But It's Not My Fault Public License v1___WTFNMFPL-1.0,can,can,can,cannot,can,can,can,NOmentioned,can,NOmentioned,NOmentioned,NOmentioned,NOmentioned,can,NOmentioned,NOmentioned,NOmentioned,NOmentioned,can,NOmentioned,NOmentioned,NOmentioned,NOmentioned
GNU Lesser General Public License (LGPL-3.0),can,can,can,cannot,must,must,cannot,NOmentioned,NOmentioned,must,must,can,NOmentioned,must,NOmentioned,can,NOmentioned,NOmentioned,NOmentioned,must,NOmentioned,NOmentioned,NOmentioned
The Spice Software License Version 1.1___Spice-1.1,can,can,can,cannot,must,must,can,cannot,NOmentioned,NOmentioned,NOmentioned,NOmentioned,NOmentioned,NOmentioned,NOmentioned,NOmentioned,NOmentioned,NOmentioned,NOmentioned,NOmentioned,NOmentioned,NOmentioned,NOmentioned
Apache License 1.1___Apache-1.1,can,can,can,cannot,must,must,can,cannot,NOmentioned,NOmentioned,NOmentioned,NOmentioned,must,NOmentioned,NOmentioned,NOmentioned,NOmentioned,NOmentioned,NOmentioned,NOmentioned,NOmentioned,NOmentioned,NOmentioned
Apache License 1.0___Apache-1.0,can,can,can,cannot,must,must,can,cannot,NOmentioned,NOmentioned,NOmentioned,NOmentioned,NOmentioned,NOmentioned,NOmentioned,NOmentioned,NOmentioned,NOmentioned,NOmentioned,NOmentioned,NOmentioned,NOmentioned,NOmentioned
Mug Foundation open formats license,can,NOmentioned,can,cannot,must,must,NOmentioned,cannot,can,NOmentioned,NOmentioned,NOmentioned,NOmentioned,must,must,can,NOmentioned,cannot,NOmentioned,NOmentioned,NOmentioned,NOmentioned,NOmentioned
CeCILL Free Software License Agreement v1.0___CECILL-1.0,can,can,can,can,must,must,NOmentioned,NOmentioned,NOmentioned,must,must,NOmentioned,must,NOmentioned,NOmentioned,NOmentioned,NOmentioned,NOmentioned,NOmentioned,NOmentioned,NOmentioned,NOmentioned,NOmentioned
CeCILL Free Software License Agreement v1.1___CECILL-1.1,can,can,can,can,must,must,NOmentioned,NOmentioned,NOmentioned,must,must,NOmentioned,must,NOmentioned,NOmentioned,NOmentioned,NOmentioned,NOmentioned,NOmentioned,NOmentioned,NOmentioned,NOmentioned,NOmentioned
CeCILL Free Software License Agreement v2.0___CECILL-2.0,can,can,can,can,must,must,NOmentioned,NOmentioned,NOmentioned,must,must,NOmentioned,must,NOmentioned,NOmentioned,NOmentioned,NOmentioned,NOmentioned,NOmentioned,NOmentioned,NOmentioned,NOmentioned,NOmentioned
Simple non code license___SNCL license,can,can,cannot,cannot,must,must,NOmentioned,cannot,NOmentioned,NOmentioned,NOmentioned,NOmentioned,must,NOmentioned,must,NOmentioned,NOmentioned,NOmentioned,NOmentioned,NOmentioned,NOmentioned,NOmentioned,NOmentioned
Apple MIT License (AML),can,can,can,cannot,must,must,can,cannot,can,NOmentioned,NOmentioned,NOmentioned,NOmentioned,NOmentioned,NOmentioned,NOmentioned,NOmentioned,NOmentioned,NOmentioned,NOmentioned,NOmentioned,NOmentioned,NOmentioned
Zope Public License 1.1___ZPL-1.1,can,can,can,cannot,must,must,NOmentioned,cannot,NOmentioned,NOmentioned,must,NOmentioned,NOmentioned,NOmentioned,NOmentioned,NOmentioned,NOmentioned,NOmentioned,NOmentioned,NOmentioned,NOmentioned,NOmentioned,NOmentioned
Zope Public License 2.0___ZPL-2.0,can,can,can,cannot,must,must,NOmentioned,cannot,NOmentioned,NOmentioned,must,NOmentioned,NOmentioned,NOmentioned,NOmentioned,NOmentioned,NOmentioned,NOmentioned,NOmentioned,NOmentioned,NOmentioned,NOmentioned,NOmentioned
Mozilla Public License 1.0___MPL-1.0,can,can,can,cannot,must,must,can,NOmentioned,NOmentioned,must,must,can,NOmentioned,NOmentioned,NOmentioned,NOmentioned,NOmentioned,NOmentioned,NOmentioned,NOmentioned,NOmentioned,NOmentioned,NOmentioned
Open Software License 1.0___OSL-1.0,can,can,can,cannot,must,must,can,cannot,NOmentioned,must,NOmentioned,NOmentioned,NOmentioned,NOmentioned,NOmentioned,NOmentioned,NOmentioned,NOmentioned,NOmentioned,NOmentioned,NOmentioned,NOmentioned,NOmentioned
Open Software License 1.1___OSL-1.1,can,can,can,cannot,must,must,can,cannot,NOmentioned,must,NOmentioned,NOmentioned,NOmentioned,NOmentioned,NOmentioned,NOmentioned,NOmentioned,NOmentioned,NOmentioned,NOmentioned,NOmentioned,NOmentioned,NOmentioned
Open Software License 2.0___OSL-2.0,can,can,can,cannot,must,must,can,cannot,NOmentioned,must,NOmentioned,NOmentioned,NOmentioned,NOmentioned,NOmentioned,NOmentioned,NOmentioned,NOmentioned,NOmentioned,NOmentioned,NOmentioned,NOmentioned,NOmentioned
Open Software License 2.1___OSL-2.1,can,can,can,cannot,must,must,can,cannot,NOmentioned,must,NOmentioned,NOmentioned,NOmentioned,NOmentioned,NOmentioned,NOmentioned,NOmentioned,NOmentioned,NOmentioned,NOmentioned,NOmentioned,NOmentioned,NOmentioned
Tcl license,can,can,can,cannot,must,must,can,NOmentioned,can,NOmentioned,NOmentioned,can,NOmentioned,NOmentioned,NOmentioned,NOmentioned,NOmentioned,can,NOmentioned,NOmentioned,NOmentioned,NOmentioned,NOmentioned
BSD-4-Clause,can,can,can,cannot,must,must,NOmentioned,cannot,NOmentioned,NOmentioned,NOmentioned,can,NOmentioned,NOmentioned,must,NOmentioned,NOmentioned,NOmentioned,NOmentioned,NOmentioned,NOmentioned,NOmentioned,NOmentioned
Universal Permissive License 1.0___UPL-1.0,can,can,can,cannot,must,must,can,NOmentioned,can,NOmentioned,NOmentioned,NOmentioned,NOmentioned,NOmentioned,NOmentioned,can,NOmentioned,NOmentioned,NOmentioned,NOmentioned,NOmentioned,NOmentioned,NOmentioned
Unlicence___Unlicence license,can,can,can,cannot,NOmentioned,NOmentioned,can,NOmentioned,can,NOmentioned,NOmentioned,NOmentioned,NOmentioned,NOmentioned,NOmentioned,NOmentioned,NOmentioned,can,NOmentioned,NOmentioned,NOmentioned,NOmentioned,NOmentioned
Free Public License 1.0.0,can,can,can,cannot,NOmentioned,NOmentioned,can,NOmentioned,can,NOmentioned,NOmentioned,NOmentioned,NOmentioned,NOmentioned,NOmentioned,NOmentioned,NOmentioned,NOmentioned,NOmentioned,NOmentioned,NOmentioned,NOmentioned,NOmentioned
gridSlider license,NOmentioned,NOmentioned,NOmentioned,NOmentioned,NOmentioned,NOmentioned,NOmentioned,NOmentioned,can,NOmentioned,NOmentioned,NOmentioned,NOmentioned,NOmentioned,NOmentioned,NOmentioned,NOmentioned,NOmentioned,NOmentioned,NOmentioned,NOmentioned,NOmentioned,NOmentioned
Afmparse license,can,can,can,cannot,must,NOmentioned,NOmentioned,NOmentioned,can,NOmentioned,must,NOmentioned,NOmentioned,NOmentioned,NOmentioned,NOmentioned,NOmentioned,NOmentioned,NOmentioned,NOmentioned,cannot,NOmentioned,NOmentioned
CMU license,can,can,must,cannot,must,must,can,NOmentioned,can,NOmentioned,NOmentioned,NOmentioned,NOmentioned,NOmentioned,NOmentioned,NOmentioned,NOmentioned,NOmentioned,NOmentioned,NOmentioned,NOmentioned,NOmentioned,NOmentioned
Cube license,can,can,can,cannot,must,NOmentioned,NOmentioned,NOmentioned,can,NOmentioned,NOmentioned,NOmentioned,NOmentioned,NOmentioned,NOmentioned,NOmentioned,NOmentioned,cannot,NOmentioned,NOmentioned,cannot,NOmentioned,NOmentioned
curl license,can,can,can,cannot,must,must,can,cannot,can,NOmentioned,NOmentioned,NOmentioned,NOmentioned,NOmentioned,NOmentioned,NOmentioned,NOmentioned,NOmentioned,NOmentioned,NOmentioned,NOmentioned,NOmentioned,NOmentioned
diffmark license,can,can,can,cannot,can,can,can,NOmentioned,can,NOmentioned,NOmentioned,NOmentioned,NOmentioned,can,NOmentioned,NOmentioned,NOmentioned,NOmentioned,NOmentioned,NOmentioned,NOmentioned,NOmentioned,NOmentioned
DOC License,can,can,can,cannot,must,must,NOmentioned,cannot,can,NOmentioned,NOmentioned,NOmentioned,NOmentioned,NOmentioned,NOmentioned,NOmentioned,NOmentioned,NOmentioned,can,NOmentioned,NOmentioned,NOmentioned,NOmentioned
psutils license,can,can,can,cannot,NOmentioned,NOmentioned,NOmentioned,NOmentioned,can,NOmentioned,NOmentioned,NOmentioned,must,must,NOmentioned,NOmentioned,NOmentioned,NOmentioned,NOmentioned,NOmentioned,NOmentioned,NOmentioned,NOmentioned
BSD 0-Clause License___BSD-0-Clause___BSD Zero Clause License,can,can,can,cannot,can,can,can,NOmentioned,can,NOmentioned,NOmentioned,NOmentioned,NOmentioned,can,NOmentioned,NOmentioned,NOmentioned,NOmentioned,NOmentioned,NOmentioned,NOmentioned,NOmentioned,NOmentioned
Wizardry license,can,can,cannot,cannot,NOmentioned,must,NOmentioned,NOmentioned,can,NOmentioned,NOmentioned,NOmentioned,NOmentioned,NOmentioned,must,NOmentioned,NOmentioned,NOmentioned,NOmentioned,NOmentioned,NOmentioned,NOmentioned,NOmentioned
